laura	54	female
tina	49	male
george	39	female
uma	47	female
tina	79	female
bob	65	male
nina	49	female
alice	43	male
evan	67	female
xavier	48	female
oliver	75	male
charlie	53	male
rachel	51	male
yvonne	75	male
rachel	51	female
kevin	63	male
xavier	46	female
xavier	74	female
paula	62	male
oliver	61	female
tina	76	female
uma	63	male
fiona	72	female
charlie	64	female
george	49	male
diana	59	female
uma	47	female
uma	65	male
tina	78	female
diana	53	male
wendy	43	female
laura	48	male
uma	66	male
nina	46	male
tina	65	female
paula	53	male
uma	68	male
zach	62	female
tina	69	male
charlie	57	male
uma	75	male
steve	50	female
diana	69	male
evan	44	female
evan	48	male
charlie	55	female
paula	73	female
charlie	58	male
victor	77	female
zach	50	female
oliver	63	male
george	62	female
victor	72	male
tina	50	male
wendy	51	male
paula	39	female
steve	42	male
zach	76	male
evan	45	male
victor	62	female
kevin	73	male
tina	43	female
rachel	42	female
oliver	56	male
xavier	60	female
wendy	64	female
laura	41	male
fiona	70	male
paula	40	female
evan	56	female
paula	62	female
laura	57	male
george	42	female
julia	62	female
steve	71	female
ivan	63	female
ivan	53	male
michael	54	female
hannah	57	male
fiona	46	male
nina	48	male
evan	63	female
ivan	50	male
fiona	69	male
oliver	41	male
nina	62	male
julia	56	female
uma	75	female
george	63	male
victor	67	male
julia	43	female
fiona	56	female
uma	62	female
laura	43	female
oliver	71	female
paula	60	female
nina	70	male
nina	62	male
evan	70	male
george	69	male
xavier	62	male
george	67	female
charlie	55	male
paula	52	female
quinn	65	female
paula	76	male
bob	77	male
paula	59	male
steve	54	male
julia	65	male
tina	63	female
zach	78	female
victor	52	male
zach	54	female
steve	60	female
oliver	51	female
zach	45	female
evan	75	female
victor	56	female
steve	40	male
julia	45	female
xavier	57	male
paula	50	male
nina	55	female
charlie	42	female
tina	43	male
alice	44	female
quinn	54	male
nina	48	female
steve	78	female
oliver	43	female
rachel	64	female
diana	73	male
yvonne	48	female
xavier	78	male
evan	63	male
bob	68	female
diana	68	female
wendy	66	male
evan	73	male
diana	45	female
victor	66	male
laura	47	female
laura	49	male
hannah	64	female
victor	40	female
yvonne	61	female
kevin	71	male
nina	69	male
george	78	male
wendy	58	male
wendy	55	male
evan	68	female
uma	73	female
victor	46	female
yvonne	74	male
bob	56	male
evan	71	male
evan	75	female
evan	67	female
evan	79	male
charlie	70	male
ivan	71	male
michael	46	male
oliver	39	male
uma	42	male
diana	56	female
kevin	40	male
diana	54	male
yvonne	72	female
george	42	female
tina	48	female
steve	49	male
alice	45	female
steve	62	female
quinn	66	male
victor	51	female
wendy	57	female
yvonne	65	female
kevin	53	male
wendy	64	female
xavier	72	female
xavier	57	male
charlie	53	male
paula	54	female
xavier	62	female
uma	41	female
wendy	46	male
kevin	63	female
ivan	55	male
bob	42	female
wendy	58	male
alice	63	female
hannah	42	female
oliver	52	female
xavier	75	female
uma	66	female
rachel	59	female
evan	46	female
oliver	38	male
laura	54	female
tina	49	male
george	39	female
uma	47	female
tina	79	female
bob	65	male
nina	49	female
alice	43	male
evan	67	female
xavier	48	female
oliver	75	male
charlie	53	male
rachel	51	male
yvonne	75	male
rachel	51	female
kevin	63	male
xavier	46	female
xavier	74	female
paula	62	male
oliver	61	female
tina	76	female
uma	63	male
fiona	72	female
charlie	64	female
george	49	male
diana	59	female
uma	47	female
uma	65	male
tina	78	female
diana	53	male
wendy	43	female
laura	48	male
uma	66	male
nina	46	male
tina	65	female
paula	53	male
uma	68	male
zach	62	female
tina	69	male
charlie	57	male
uma	75	male
steve	50	female
diana	69	male
evan	44	female
evan	48	male
charlie	55	female
paula	73	female
charlie	58	male
victor	77	female
zach	50	female
oliver	63	male
george	62	female
victor	72	male
tina	50	male
wendy	51	male
paula	39	female
steve	42	male
zach	76	male
evan	45	male
victor	62	female
kevin	73	male
tina	43	female
rachel	42	female
oliver	56	male
xavier	60	female
wendy	64	female
laura	41	male
fiona	70	male
paula	40	female
evan	56	female
paula	62	female
laura	57	male
george	42	female
julia	62	female
steve	71	female
ivan	63	female
ivan	53	male
michael	54	female
hannah	57	male
fiona	46	male
nina	48	male
evan	63	female
ivan	50	male
fiona	69	male
oliver	41	male
nina	62	male
julia	56	female
uma	75	female
george	63	male
victor	67	male
julia	43	female
fiona	56	female
uma	62	female
laura	43	female
oliver	71	female
paula	60	female
nina	70	male
nina	62	male
evan	70	male
george	69	male
xavier	62	male
george	67	female
charlie	55	male
paula	52	female
quinn	65	female
paula	76	male
bob	77	male
paula	59	male
steve	54	male
julia	65	male
tina	63	female
zach	78	female
victor	52	male
zach	54	female
steve	60	female
oliver	51	female
zach	45	female
evan	75	female
victor	56	female
steve	40	male
julia	45	female
xavier	57	male
paula	50	male
nina	55	female
charlie	42	female
tina	43	male
alice	44	female
quinn	54	male
nina	48	female
steve	78	female
oliver	43	female
rachel	64	female
diana	73	male
yvonne	48	female
xavier	78	male
evan	63	male
bob	68	female
diana	68	female
wendy	66	male
evan	73	male
diana	45	female
victor	66	male
laura	47	female
laura	49	male
hannah	64	female
victor	40	female
yvonne	61	female
kevin	71	male
nina	69	male
george	78	male
wendy	58	male
wendy	55	male
evan	68	female
uma	73	female
victor	46	female
yvonne	74	male
bob	56	male
evan	71	male
evan	75	female
evan	67	female
evan	79	male
charlie	70	male
ivan	71	male
michael	46	male
oliver	39	male
uma	42	male
diana	56	female
kevin	40	male
diana	54	male
yvonne	72	female
george	42	female
tina	48	female
steve	49	male
alice	45	female
steve	62	female
quinn	66	male
victor	51	female
wendy	57	female
yvonne	65	female
kevin	53	male
wendy	64	female
xavier	72	female
xavier	57	male
charlie	53	male
paula	54	female
xavier	62	female
uma	41	female
wendy	46	male
kevin	63	female
ivan	55	male
bob	42	female
wendy	58	male
alice	63	female
hannah	42	female
oliver	52	female
xavier	75	female
uma	66	female
rachel	59	female
evan	46	female
oliver	38	male
laura	54	female
tina	49	male
george	39	female
uma	47	female
tina	79	female
bob	65	male
nina	49	female
alice	43	male
evan	67	female
xavier	48	female
oliver	75	male
charlie	53	male
rachel	51	male
yvonne	75	male
rachel	51	female
kevin	63	male
xavier	46	female
xavier	74	female
paula	62	male
oliver	61	female
tina	76	female
uma	63	male
fiona	72	female
charlie	64	female
george	49	male
diana	59	female
uma	47	female
uma	65	male
tina	78	female
diana	53	male
wendy	43	female
laura	48	male
uma	66	male
nina	46	male
tina	65	female
paula	53	male
uma	68	male
zach	62	female
tina	69	male
charlie	57	male
uma	75	male
steve	50	female
diana	69	male
evan	44	female
evan	48	male
charlie	55	female
paula	73	female
charlie	58	male
victor	77	female
zach	50	female
oliver	63	male
george	62	female
victor	72	male
tina	50	male
wendy	51	male
paula	39	female
steve	42	male
zach	76	male
evan	45	male
victor	62	female
kevin	73	male
tina	43	female
rachel	42	female
oliver	56	male
xavier	60	female
wendy	64	female
laura	41	male
fiona	70	male
paula	40	female
evan	56	female
paula	62	female
laura	57	male
george	42	female
julia	62	female
steve	71	female
ivan	63	female
ivan	53	male
michael	54	female
hannah	57	male
fiona	46	male
nina	48	male
evan	63	female
ivan	50	male
fiona	69	male
oliver	41	male
nina	62	male
julia	56	female
uma	75	female
george	63	male
victor	67	male
julia	43	female
fiona	56	female
uma	62	female
laura	43	female
oliver	71	female
paula	60	female
nina	70	male
nina	62	male
evan	70	male
george	69	male
xavier	62	male
george	67	female
charlie	55	male
paula	52	female
quinn	65	female
paula	76	male
bob	77	male
paula	59	male
steve	54	male
julia	65	male
tina	63	female
zach	78	female
victor	52	male
zach	54	female
steve	60	female
oliver	51	female
zach	45	female
evan	75	female
victor	56	female
steve	40	male
julia	45	female
xavier	57	male
paula	50	male
nina	55	female
charlie	42	female
tina	43	male
alice	44	female
quinn	54	male
nina	48	female
steve	78	female
oliver	43	female
rachel	64	female
diana	73	male
yvonne	48	female
xavier	78	male
evan	63	male
bob	68	female
diana	68	female
wendy	66	male
evan	73	male
diana	45	female
victor	66	male
laura	47	female
laura	49	male
hannah	64	female
victor	40	female
yvonne	61	female
kevin	71	male
nina	69	male
george	78	male
wendy	58	male
wendy	55	male
evan	68	female
uma	73	female
victor	46	female
yvonne	74	male
bob	56	male
evan	71	male
evan	75	female
evan	67	female
evan	79	male
charlie	70	male
ivan	71	male
michael	46	male
oliver	39	male
uma	42	male
diana	56	female
kevin	40	male
diana	54	male
yvonne	72	female
george	42	female
tina	48	female
steve	49	male
alice	45	female
steve	62	female
quinn	66	male
victor	51	female
wendy	57	female
yvonne	65	female
kevin	53	male
wendy	64	female
xavier	72	female
xavier	57	male
charlie	53	male
paula	54	female
xavier	62	female
uma	41	female
wendy	46	male
kevin	63	female
ivan	55	male
bob	42	female
wendy	58	male
alice	63	female
hannah	42	female
oliver	52	female
xavier	75	female
uma	66	female
rachel	59	female
evan	46	female
oliver	38	male
